id,name,address
ChIJkx6OB6dx5kcRmoa3OG1oEls,Baillotte,"16 rue du Dragon, Paris, 75006, France"
ChIJU22EryVv5kcR3XLR1CB5D68,Benjamin Schmitt Restaurant,"41 rue Catherine-de-La-Rochefoucauld, Paris, 75009, France"
ChIJIdwiG8xx5kcR1VFti1Sth6s,Colvert,"30 rue des Grands-Augustins, Paris, 75006, France"
ChIJOUI0wipt5kcR8PGfUPvkm4g,Eunoé,"6 rue Rochebrune, Paris, 75011, France"
ChIJwROWw8Bv5kcRb1SRKEJ4cXU,Guefen,"212 bis rue de Charenton, Paris, 75012, France"
ChIJWU_367Fv5kcRvjy7VAbM9G4,Halle aux Grains,"Bourse de Commerce, 2 rue de Viarmes, Paris, 75001, France"
ChIJ6RjR3EZu5kcR9KkHdeYEqbk,Le Savarin,"4 rue de Navarin, Paris, 75009, France"
ChIJIUPzvsJv5kcROYwo97Lmxhw,Liquide,"39 rue de l'Arbre-Sec, Paris, 75001, France"
ChIJLZ3bUplx5kcREJJwwkZJIvg,Sharma Ji,"16 rue Frémicourt, Paris, 75015, France"
ChIJ9Z6nGDtu5kcRgc34rnb__eA,Sushi B,"5 rue Rameau, Paris, 75002, France"
ChIJWYknG3dv5kcR5wjfCFNpc6s,Bloom,"99 rue Jouffroy-d'Abbans, Paris, 75017, France"
ChIJ_3Rs2ttx5kcRUXohtuk4bMI,Flocon,"75 rue Mouffetard, Paris, 75005, France"
ChIJO2-Qu5dv5kcRdm8vRwFj4LA,Hokusaï,"Metropolitan Paris Tour Eiffel, 3 rue des Belles-Feuilles, Paris, 75116, France"
ChIJZf2wJx9x5kcRTD2DAPk3rP0,MoSuke,"11 rue Raymond-Losserand, Paris, 75014, France"
ChIJd0Lizg9y5kcREFxaQMvhwDo,Nous 4,"3 rue Beccaria, Paris, 75012, France"
ChIJL4Y_4t5x5kcRaQHOzdKOpiM,Oktobre,"25 rue des Grands-Augustins, Paris, 75006, France"
ChIJ29ZNbIJv5kcRrSDwNB3fi8w,Ose,"3 rue Durantin, Paris, 75018, France"
ChIJ1YFmqNZv5kcRBAVR2JH8pEo,Plénitude - Cheval Blanc Paris,"8 quai du Louvre, Paris, 75001, France"
ChIJS4XkBmpu5kcRVhmXQ22MB_E,Pétrelle,"34 rue Pétrelle, Paris, 75009, France"
ChIJY7HzKAdv5kcR3eg8uXFdXNw,Vinello,"106 rue Nollet, Paris, 75017, France"
ChIJ4xN1LM9v5kcR8kqBdK645h0,114 Faubourg,"Le Bristol, 114 rue du Faubourg-Saint-Honoré, Paris, 75008, France"
ChIJ6QNjzqBv5kcRdxkLUD7wcuA,19 Saint Roch,"19 rue Saint-Roch, Paris, 75001, France"
ChIJIfDomZhv5kcRGke9wBF3AGI,19.20 by Norbert Tarayre,"Prince de Galles, 33 avenue George-V, Paris, 75008, France"
ChIJIZFlYeBv5kcRvRuF60rDS9o,20 Eiffel,"20 rue de Monttessuy, Paris, 75007, France"
ChIJLe0K9sVv5kcRt9qr4CrfIZU,24 - Le Restaurant,"24 rue Jean-Mermoz, Paris, 75008, France"
ChIJgxn5zBNu5kcRjFTjWxFEtXE,52 Faubourg St-Denis,"52 rue du Faubourg-Saint-Denis, Paris, 75010, France"
ChIJ4xeFqUFu5kcRZlL1mE8bUUM,ASPIC,"24 rue Louise-Émilie-de-la-Tour-d'Auvergne, Paris, 75009, France"
ChIJSXUGuORx5kcR_w2q7eJxLRo,AT,"4bis rue du Cardinal-Lemoine, Paris, 75005, France"
ChIJl2szvj9u5kcRztUQCxoG-Ew,Abri Soba,"10 rue Saulnier, Paris, 75009, France"
ChIJCfSJczxu5kcR5iWOIrx0RLg,Accents Table Bourse,"24 rue Feydeau, Paris, 75002, France"
ChIJ4_FJ0q1v5kcRO3RTnL4cxp8,Adami,"19 bis rue Pierre-Fontaine, Paris, 75009, France"
ChIJ81Z3EIhv5kcR-eurCHPgU14,Adraba,"40 rue Véron, Paris, 75018, France"
ChIJQ3-giLxv5kcRgYmfvT0hy6I,Agapé,"51 rue Jouffroy-d'Abbans, Paris, 75017, France"
ChIJ75JwXyxw5kcRqI3wcJMllY4,Aida,"1 rue Pierre-Leroux, Paris, 75007, France"
ChIJW0ICZg5v5kcRvyEFYPJKYxo,Akabeko,"40 rue de l'Université, Paris, 75007, France"
ChIJx2NEgptv5kcRPJ7AHeThtUM,Akira Back Paris,"Prince de Galles, 33 avenue George-V, Paris, 75008, France"
ChIJbZwQYu5v5kcR3uAetlru3Go,Akrame,"7 rue Tronchet, Paris, 75008, France"
ChIJW_uHie5v5kcRxSkJ0_OHC7k,Alan Geaam,"19 rue Lauriston, Paris, 75016, France"
ChIJuZn5THBx5kcRIN1OExKjBoU,Aldehyde,"5 rue du Pont-Louis-Philippe, Paris, 75004, France"
ChIJfdZi-d5x5kcR2Ez_J64oZWY,Allard,"41 rue Saint-André-des-Arts, Paris, 75006, France"
ChIJ_0DhQ9Fv5kcRWUtmtbvWRvQ,Alleudium,"24 rue Rodier, Paris, 75009, France"
ChIJeWenk-Rx5kcRRoSlhTbzWlM,Alliance,"5 rue de Poissy, Paris, 75005, France"
ChIJPxGQOx9t5kcRmczlkAOj3Ps,Alluma,"151 rue Saint-Maur, Paris, 75011, France"
ChIJNb0Vrftv5kcRMegtKrTeefg,Alléno Paris au Pavillon Ledoyen,"8 avenue Dutuit, Paris, 75008, France"
ChIJiWbPxwNy5kcRYr0ZXPbpXdY,Amarante,"4 rue Biscornet, Paris, 75012, France"
ChIJ660fev5x5kcRpI1e5zXVhr8,Ambos,"38 rue de Vaugirard, Paris, 75006, France"
ChIJv0-JCeNt5kcRaV9ngQ1Eu64,Amâlia,"32 rue de la Fontaine-au-Roi, Paris, 75011, France"
ChIJBf6gVc1x5kcRIrSgr_ptdNM,"Anicia, table nature","97 rue du Cherche-Midi, Paris, 75006, France"
ChIJGZbt11dv5kcRxGUcs6VnlSc,Anne,"28 place des Vosges, Paris, 75003, France"
ChIJhXXqWUZv5kcRIeS11clgDck,Anona,"80 boulevard des Batignolles, Paris, 75017, France"
ChIJYaoSyMZv5kcRAVkrVOMEh08,Apicius,"20 rue d'Artois, Paris, 75008, France"
ChIJI1msWs1v5kcRGGgBz0v1GAU,Argile,"4 rue de Milan, Paris, 75009, France"
ChIJJyybR4xx5kcRiTv3fACK9Y0,Armani Ristorante,"7 place du Québec, Paris, 75006, France"
ChIJVVUpCyBw5kcRViL9FZ0mEPc,Arnaud Nicolas,"46 avenue de la Bourdonnais, Paris, 75007, France"
ChIJQ-oAFypw5kcR2T9NszPcZO4,Arpège,"84 rue de Varenne, Paris, 75007, France"
ChIJ_QxhRv1v5kcRyxeqcySoeBQ,Astrance,"32 rue de Longchamp, Paris, 75016, France"
ChIJlTto-ONx5kcR9dX0YOF01lk,Atelier Maître Albert,"1 rue Maître-Albert, Paris, 75005, France"
ChIJ9bTpXGly5kcR8tpIMWDJXXM,Au Trou Gascon,"40 rue Taine, Paris, 75012, France"
ChIJD5opUxpu5kcRXidM9DzLh_Q,Auberge Nicolas Flamel,"51 rue de Montmorency, Paris, 75003, France"
ChIJefB79Qhu5kcR8JGnXLP6u0I,Auberge Pyrénées Cévennes,"106 rue de la Folie-Méricourt, Paris, 75011, France"
ChIJd5iHBSpw5kcR7DW8kyCpX6g,Auguste,"54 rue de Bourgogne, Paris, 75007, France"
ChIJdznawgly5kcRxXTXI8Zkpvk,Automne,"11 rue Richard-Lenoir, Paris, 75011, France"
ChIJe93J-PVv5kcRw8jez7VCZk0,Aux 2 K,"5 rue Louise-Émilie-de-la-Tour-d'Auvergne, Paris, 75009, France"
ChIJQRZQ6Dtu5kcR-0r2malRDQw,Aux Lyonnais,"32 rue Saint-Marc, Paris, 75002, France"
ChIJsVtS27Zx5kcRNPqIHyz4o-o,Aux Plumes,"45 rue Boulard, Paris, 75014, France"
ChIJweL4Iddx5kcR0kJEsE0MU1U,Aux Prés,"27 rue du Dragon, Paris, 75006, France"
ChIJ_9CTsKxv5kcRS_4OZuACC40,BRU,"28 rue Jean-Baptiste-Pigalle, Paris, 75009, France"
ChIJ4x6GRPJx5kcRYEiThcBqZM4,Baca'v par Gilles Choukroun,"6 rue des Fossés-Saint-Marcel, Paris, 75005, France"
ChIJyTq6TQNu5kcR54c0callVg0,Baffo,"12 rue Pecquay, Paris, 75004, France"
ChIJ_78oYuRx5kcR4eAyZp92YKs,Baieta,"5 rue de Pontoise, Paris, 75005, France"
ChIJh6iPsZNv5kcRbwL5NqrZtqA,Bellefeuille - Saint James Paris,"5 place du Chancelier-Adenauer, Paris, 75116, France"
ChIJQ0bNfR5u5kcR9Z0i41-E7sg,Benoit,"20 rue Saint-Martin, Paris, 75004, France"
ChIJ35ar7nJw5kcRR2-Jh-Zj4Bs,Beurre Noisette,"68 rue Vasco-de-Gama, Paris, 75015, France"
ChIJsRa6hQdu5kcRjccVObllC1Q,Biondi,"118 rue Amelot, Paris, 75011, France"
ChIJB9SzTgZx5kcRp7lN4whrb3U,Biscotte,"22 rue Desnouettes, Paris, 75015, France"
ChIJBZelTGpz5kcRukAhjolGzIk,Bistro S,"7 rue Saint-Nicolas, Paris, 75012, France"
ChIJjRK57rVx5kcRGrW2O9Bq6XQ,Bistrot Augustin,"79 rue Daguerre, Paris, 75014, France"
ChIJzX94Mqpv5kcR789tzbYvWzc,Bistrot Instinct,"19 rue de Picardie, Paris, 75003, France"
ChIJM8DKkMZv5kcRe2LMETsCb4w,Bistrot Marloe,"12 rue du Commandant-Rivière, Paris, 75008, France"
ChIJnYPdmaZz5kcR80ulUF3wtjQ,Bistrot Paul Bert,"18 rue Paul-Bert, Paris, 75011, France"
ChIJF6AjH95v5kcRNgU_zgW_fd0,Bistrot des Fables,"139 rue Saint-Dominique, Paris, 75007, France"
ChIJUWpN50tw5kcRxFHi8fOzbi4,Bistrotters,"9 rue Decrès, Paris, 75014, France"
ChIJ-We0YUpv5kcREptIC-71C_Y,Blanc,"52 rue de Longchamp, Paris, 75116, France"
ChIJA1n6SqJv5kcRjEMCcj0PbI4,Bloom Garden,"Bloom House, 23 rue du Château-Landon, Paris, 75010, France"
ChIJBeetLDRv5kcRqLSnz94ajQI,Bombance,"40 rue des Blancs-Manteaux, Paris, 75004, France"
ChIJXUEBSv1t5kcR4U9H31WExx8,Bon Kushikatsu,"24 rue Jean-Pierre-Timbaud, Paris, 75011, France"
ChIJY6JQnAxv5kcRCiWTvUORQhs,Bonhomme,"58 rue du Faubourg-Poissonnière, Paris, 75010, France"
ChIJ3ciEyNhx5kcRPVo1NKwoM2k,Boutary,"25 rue Mazarine, Paris, 75006, France"
ChIJ89FXLg9l5kcRoAswSVYTmHg,Brach,"1-7 rue Jean Richepin, Paris, 75016, France"
ChIJM7F_x-Nv5kcRz8dQrQXk3H0,Braise,"19 rue d'Anjou, Paris, 75008, France"
ChIJOz7If5hx5kcRJ27muAb4VHY,Brasserie Lutetia,"45 boulevard Raspail, Paris, 75006, France"
ChIJUZFuuSVu5kcRfY5Fd2TUlRQ,Brasserie du Louvre,"Place André-Malraux, Paris, 75001, France"
ChIJqyMQ-41v5kcR9u8DjdALXgs,Brigade du Tigre,"38 rue du Faubourg-Poissonnière, Paris, 75010, France"
ChIJAZdKRQBv5kcRYra1a9IvCL4,Brion,"17 rue Lamartine, Paris, 75009, France"
ChIJn_VFtt5v5kcRLkEqJanNEFQ,CO/DA,"15 rue de la Tour-des-Dames, Paris, 75009, France"
ChIJUzCAIjxu5kcR1aDGjpg9D1g,Caffè Stern,"47 passage des Panoramas, Paris, 75002, France"
ChIJm7G6N6xv5kcRLDH2ttwrhRs,Café Compagnon,"22-26 rue Léopold-Bellan, Paris, 75002, France"
ChIJ7ei1YNRv5kcRRf7j0QY-e2g,Café des Ministères,"83 rue de l'Université, Paris, 75007, France"
ChIJUSqtskBu5kcR_JyyYW56_lM,Caillebotte,"8 rue Hippolyte-Lebas, Paris, 75009, France"
ChIJO10I8fNx5kcR7yeytWDHa_o,Calice,"5 rue de Bazeilles, Paris, 75005, France"
ChIJKbov-Vxv5kcRK4hmgE5Kdbc,Campelli,"36 rue Croix-des-Petits-Champs, Paris, 75001, France"
ChIJCZ-gYhJx5kcRCVN1pLbpoQY,Capsule,"2 rue Cassini, Paris, 75014, France"
ChIJ31BAi5Nv5kcRcdw5fTkEJC8,Caves Pétrissans,"30 bis avenue Niel, Paris, 75017, France"
ChIJdWxZlZJv5kcRwaUmLUhfGA0,Caïus,"6 rue d'Armaillé, Paris, 75017, France"
ChIJXZOfs6Zx5kcRLQByGMVUS1A,Chakaiseki Akiyoshi,"59 rue Letellier, Paris, 75015, France"
ChIJF_F9KShv5kcRK4C7yvLdvxY,Chantoiseau,"63 rue Lepic, Paris, 75018, France"
ChIJHUT1gkBv5kcRZ95ZsUdWzoc,Charbon Kunitoraya,"5 rue Villedo, Paris, 75001, France"
ChIJ__vwIoZv5kcRyW3IkqnaT68,Chenapan,"28 rue Louise-Émilie-de-la-Tour-d'Auvergne, Paris, 75009, France"
ChIJHZoYd2xu5kcRqkM2ee0VvLw,Chez Michel,"10 rue de Belzunce, Paris, 75010, France"
ChIJIcrA5DJu5kcRj3fEmjFRWQw,Chez Monsieur,"11 rue du Chevalier-de-Saint-George, Paris, 75008, France"
ChIJe63P-hlv5kcRpDwlTeLaarY,Chocho,"54 rue de Paradis, Paris, 75010, France"
ChIJbZk6SOZx5kcRNhcN7gyIt6k,Ciasa Mia,"19 rue Laplace, Paris, 75005, France"
ChIJCfaiUghy5kcRKzJORkFX-sk,Clamato,"80 rue de Charonne, Paris, 75011, France"
ChIJP_BofyFu5kcRWFi09oBCEDE,Clover Grill,"6 rue Bailleul, Paris, 75001, France"
ChIJ3_C3StZx5kcRP0Nwgx1KbZk,Clover Saint-Germain,"5 rue Perronet, Paris, 75007, France"
ChIJmXGkuHhz5kcRyMo3H5jIVeE,Clutch,"62 rue de Montreuil, Paris, 75011, France"
ChIJAc56Jah65kcRPUvIVLIaIjI,Comice,"31 avenue de Versailles, Paris, 75016, France"
ChIJo7MOEK5v5kcRilGQNw2mAKw,Comme Chez Maman,"5 rue des Moines, Paris, 75017, France"
ChIJnUjhHnFv5kcRrLZLgyVmwVw,Contraste,"18 rue d'Anjou, Paris, 75008, France"
ChIJieM35q5v5kcRSsWWTlMpbA0,Coretta,"151 bis rue Cardinet, Paris, 75017, France"
ChIJidtu16pv5kcRyPrSJ5EQkKk,Dame,"38 rue Condorcet, Paris, 75009, France"
ChIJ75Si4fdx5kcR9y7ygtTd-dk,Dame Augustine,"32 avenue des Gobelins, Paris, 75013, France"
ChIJ9_cKy7Zz5kcRNYRZ7LWNJvM,Dandelion,"46 rue des Vignoles, Paris, 75020, France"
ChIJewApsjtv5kcRhX25uxAbxiE,Dante,"14 rue de Paradis, Paris, 75010, France"
ChIJix2wynBv5kcREclRmmNBD24,Datil,"13 rue des Gravilliers, Paris, 75003, France"
ChIJEfipg79v5kcRpfj267gqR0k,David Toutain,"29 rue Surcouf, Paris, 75007, France"
ChIJ7UU1igZy5kcR8-BrVw9FzmQ,Dersou,"21 rue Saint-Nicolas, Paris, 75012, France"
ChIJEyUuGcpz5kcRUTU9FiqBmTU,Des Terres,"82 rue Alexandre-Dumas, Paris, 75020, France"
ChIJ75I0XQRu5kcRHJRwpkFqu7I,Dessance,"74 rue des Archives, Paris, 75003, France"
ChIJxViUKZdv5kcRqbcEd1ZzV80,Dessirier,"9 place du Maréchal-Juin, Paris, 75017, France"
ChIJSQwPxwdt5kcRbleMxeNvh1Y,Deux Bistrot de chefs,"58 rue de la Fontaine-au-Roi, Paris, 75011, France"
ChIJ2xMOOOxt5kcRmDNZv-pydrg,Dilia,"1 rue d'Eupatoria, Paris, 75020, France"
ChIJs7eZzHZ75kcRWO4XbZmKBfA,Disciples,"136 boulevard Murat, Paris, 75016, France"
ChIJv1HUW9dv5kcRSrNx_IaOe-g,Divellec,"18 rue Fabert, Paris, 75007, France"
ChIJV893WNdx5kcRId2B1-rDEZU,Don Juan II,"Port Debilly, Paris, 75016, France"
ChIJ53_L_qpt5kcRxyLNzsOYfg0,Double Dragon,"52 rue Saint-Maur, Paris, 75011, France"
ChIJeQAhgjpu5kcR2eETKOOnYng,Drouant,"16-18 place Gaillon, Paris, 75002, France"
ChIJs8ciOBpv5kcR_lKdsKEWjv8,Ducasse Baccarat,"11 place des États-Unis, Paris, 75016, France"
ChIJp5398YZv5kcRNP0jeI5cWpI,Ducasse sur Seine,"Port Debilly, Paris, 75016, France"
ChIJRZKovRlu5kcRZOlh4VAz9cA,ERH,"11 rue Tiquetonne, Paris, 75002, France"
ChIJ3dS2pSpw5kcR_W2ALSc4OWA,ES,"91 rue de Grenelle, Paris, 75007, France"
ChIJP8ydvylu5kcRU-Li_tbRo3Y,Eclipses,"27-29 rue de Beaune, Paris, 75007, France"
ChIJKz9iVLZv5kcRWTflgpvsgXI,Edith,"9 rue Jean-Giraudoux, Paris, 75016, France"
ChIJxax0XRRu5kcRltIfk0EGhdU,Eels,"27 rue d'Hauteville, Paris, 75010, France"
ChIJVQZxCg9u5kcRnzjCj6U97w4,Elmer,"30 rue Notre-Dame-de-Nazareth, Paris, 75003, France"
ChIJXwO32AVt5kcRXrI_5bT5HaU,Elsass,"153 avenue Parmentier, Paris, 75010, France"
ChIJZ9mH6JZx5kcRF6GR0iVmGSM,Emporio Armani Caffè,"149 boulevard Saint-Germain, Paris, 75006, France"
ChIJ5xLQUi5t5kcRm28wzY19NIQ,Erso,"18 rue Saint-Ambroise, Paris, 75011, France"
ChIJscSQoF1v5kcRBLtRQXzzwpE,Espadon,"Ritz Paris, 15 place Vendôme, Paris, 75001, France"
ChIJ8R5tH1Fu5kcR2XQlATxyDKM,Etsi,"23 rue Eugène-Carrière, Paris, 75018, France"
ChIJA_9pJnVt5kcRf7FroqePNw4,FIEF,"44 rue de la Folie-Méricourt, Paris, 75011, France"
ChIJD-V-C0tv5kcRNJ4Knp-mdDY,FOGO,"8 rue Meissonier, Paris, 75017, France"
ChIJCYasuEZv5kcRMx-tb1BzNeA,Fana,"14 rue Ferdinand-Flocon, Paris, 75018, France"
ChIJfXpjH8pv5kcRCD0PIxrn3yY,Faubourg Daimant,"20 rue du Faubourg-Poissonnière, Paris, 75010, France"
ChIJd3fGOlBv5kcRbE41EBJjT-U,Fleur de Pavé,"5 rue Paul-Lelong, Paris, 75002, France"
ChIJX8C6phdu5kcRA59bbRIGM5M,Frenchie,"5 rue du Nil, Paris, 75002, France"
ChIJS9ksY_tv5kcRti61O0igJUk,Frenchie Pigalle,"29 rue Victor-Massé, Paris, 75009, France"
ChIJR2puoJNv5kcRKwrZ40ztbfA,Frédéric Simonin,"25 rue Bayen, Paris, 75017, France"
ChIJidCvhZlv5kcRVK6-52FX9g4,Fugue,"128 rue du Faubourg-Saint-Martin, Paris, 75010, France"
ChIJS4mhxwhv5kcR6nPiuO1DG6M,Galanga,"Hôtel Monsieur George, 17 rue Washington, Paris, 75008, France"
ChIJAdSBY8tv5kcRM4OHfSBjKZM,Gare au Gorille,"68 rue des Dames, Paris, 75017, France"
ChIJHxHFCSpu5kcRJCFKQQug9Fg,Gaya par Pierre Gagnaire,"6 rue de Saint-Simon, Paris, 75007, France"
ChIJDdlHVC9w5kcRAnOrwjpqu6k,Gemellus,"37 avenue Duquesne, Paris, 75007, France"
ChIJ8bdBhIFz5kcRZFwmIDOPVnM,Godaille,"9 rue Antoine-Vollon, Paris, 75012, France"
ChIJkUOQ9Bxu5kcRWHpBtoWl0iA,GrandCœur,"41 rue du Temple, Paris, 75004, France"
ChIJ63m1Hxpv5kcRtffG6PtiUyY,Granite,"6 rue Bailleul, Paris, 75001, France"
ChIJ64SRn-xv5kcRH7AlSsBFASQ,Guy Savoy,"11 quai de Conti, Paris, 75006, France"
ChIJ0YZ8pABt5kcRusXBA2KP8uU,Géosmine,"71 rue de la Folie-Méricourt, Paris, 75011, France"
ChIJkeFl6w5u5kcRHj_W9bUZF6w,Habile.,"16 rue de Lancry, Paris, 75010, France"
ChIJBWqlSgBv5kcRGYBEZG-nj7Y,Hakuba,"Cheval Blanc Paris, 8 quai du Louvre, Paris, 75001, France"
ChIJNVH4kgZv5kcRsh2C0-W-z9M,Halo Paris,"12 rue Saint-Sauveur, Paris, 75002, France"
ChIJQYII-cBv5kcRK4u21uvRoFE,Helen,"3 rue Berryer, Paris, 75008, France"
ChIJWUwHsmtx5kcRn4QEuvfNdC8,Hestia,"8 rue de la Huchette, Paris, 75005, France"
ChIJaQacl-pv5kcRZEBerrFI3lM,Il Carpaccio,"Le Royal Monceau, 37 avenue Hoche, Paris, 75008, France"
ChIJu6BLB3Rv5kcRQZXWDDGiYOU,Il Ristorante - Niko Romito,"Hôtel Bulgari, 30 avenue George-V, Paris, 75008, France"
ChIJCZsCXE1x5kcRr6bxYSeeIck,Ilô,"6 rue Castex, Paris, 75004, France"
ChIJtcwJ8sRv5kcRK1e1LOEyoHg,Imperial Treasure,"44 rue de Bassano, Paris, 75008, France"
ChIJH7bObodx5kcRZvKndkGRXQo,Impérial Choisy,"32 avenue de Choisy, Paris, 75013, France"
ChIJ12IFfgBv5kcRrXCid5q23Nk,Irwin,"22 rue Cambacérès, Paris, 75008, France"
ChIJNQsxDrxv5kcRk9Lx6KN1giU,Jacques Faussat,"54 rue Cardinet, Paris, 75017, France"
ChIJ--BdhnVv5kcRSWKURvS_zc4,Jean Imbert au Plaza Athénée,"25 avenue Montaigne, Paris, 75008, France"
ChIJSxJyyC9u5kcROOLgDin8wz0,Jin,"6 rue de la Sourdière, Paris, 75001, France"
ChIJVVXJSBhw5kcRb3b2z-3_wtE,Jium,"26 rue Tiphaine, Paris, 75015, France"
ChIJSRmutQ5y5kcRIPnSJ8cG0l4,Jouvence,"172 bis rue du Faubourg-Saint-Antoine, Paris, 75012, France"
ChIJkbtzDJFv5kcRlR174bpYum4,Jupi,"25 rue des Dames, Paris, 75017, France"
ChIJ2fBeqR-lgIARHZ5qX7ETeGA,Kalank,"52 boulevard de Charonne, Paris, 75020, France"
ChIJqTnaAiNu5kcRQsRFgf8qeoA,Kei,"5 rue Coq-Héron, Paris, 75001, France"
ChIJUSRz-f5v5kcRrtKcvEnP1iM,Ken Yamamoto,"144 rue de la Pompe, Paris, 75116, France"
ChIJY8JjR7Rx5kcRt-zai-5W7Y0,Kigawa,"186 rue du Château, Paris, 75014, France"
ChIJ--uVl8Vv5kcRWL-x09zJ_6k,Kisin,"7-9 rue de Ponthieu, Paris, 75008, France"
ChIJLVEL7eRx5kcRWZr62yRPktY,Kitchen Ter(re),"26 boulevard Saint-Germain, Paris, 75005, France"
ChIJ4wvlzthx5kcRBTEbOLD_POc,Kodawari Ramen - Yokochō,"29 rue Mazarine, Paris, 75006, France"
ChIJAQBkPP5t5kcR8n6K5JRx5Us,Korus,"73 rue Amelot, Paris, 75011, France"
ChIJ58nVS2Bv5kcRvO8K9yE_nGk,L'Abysse au Pavillon Ledoyen,"8 avenue Dutuit, Paris, 75008, France"
ChIJGZhFK21w5kcRd7IPRjt7aYA,L'Accolade,"208 rue de la Croix-Nivert, Paris, 75015, France"
ChIJvWmj4TZv5kcRjWXoyQlKnUw,L'Altro Frenchie,"9 rue du Nil, Paris, 75002, France"
ChIJK-TZ1v9x5kcRvQoSvNJ21Vo,L'Ambroisie,"9 place des Vosges, Paris, 75004, France"
ChIJjVT2MNlv5kcR4QtneAsLSdU,L'Ami Jean,"27 rue Malar, Paris, 75007, France"
ChIJLXq2ATBw5kcRoqrUsJbvP8w,L'Antre Amis,"9 rue Bouchut, Paris, 75015, France"
ChIJgb8VSRhu5kcRMsJSbUvCGTI,L'Apibo,"31 rue Tiquetonne, Paris, 75002, France"
ChIJKQ4LW_9v5kcRCw8nEuxkyOw,L'Archeste,"79 rue de la Tour, Paris, 75016, France"
ChIJH0K4jC1u5kcRCenOd61qxwo,L'Ardoise,"28 rue du Mont-Thabor, Paris, 75001, France"
ChIJr35dgspv5kcR5gpfvpvZbZQ,L'Arpaon,"57 rue Montcalm, Paris, 75018, France"
ChIJZazvjMZv5kcREZMvWJYA6q8,L'Arôme,"3 rue Saint-Philippe-du-Roule, Paris, 75008, France"
ChIJy-aaRjJu5kcRCWfYat89_1Q,L'Assaggio,"Castille Paris, 37 rue Cambon, Paris, 75001, France"
ChIJkc5OT7Rx5kcRJx30EIJaxvM,L'Assiette,"181 rue du Château, Paris, 75014, France"
ChIJU1Oe_ylu5kcRHk3j-D0X9ew,L'Atelier de Joël Robuchon - St-Germain,"5 rue de Montalembert, Paris, 75007, France"
ChIJwSZX3Otv5kcRe1gL5hAzplM,L'Atelier de Joël Robuchon - Étoile,"133 avenue des Champs-Élysées, Paris, 75008, France"
ChIJs2xZ0Fpv5kcRHFmdrff1A4U,L'Attilio,"184 rue du Faubourg-Saint-Honoré, Paris, 75008, France"
ChIJn3M3XEZ75kcRYHGlnkvVNFk,L'Auberge des Crus,"13 rue Bosio, Paris, 75016, France"
ChIJ4dWZlCVw5kcRMu9H3OTFKRY,L'Escudella,"41 avenue de Ségur, Paris, 75007, France"
ChIJYb1UEl3sC0ERs8OjBWWVRhg,L'Esquisse,"151 bis rue Marcadet, Paris, 75018, France"
ChIJDzdubodx5kcRsW4IdxJzRA0,L'Hommage,"36 avenue de Choisy, Paris, 75013, France"
ChIJO2QhWSxw5kcRFC7r1nNl2II,L'Inconnu,"4 rue Pierre-Leroux, Paris, 75007, France"
ChIJ9XHSCORx5kcRSAWp9Pmr8PA,L'Initial,"9 rue de Bièvre, Paris, 75005, France"
ChIJZXST6-5v5kcR2yYcipYCUqA,L'Oiseau Blanc,"19 avenue Kléber, Paris, 75116, France"
ChIJZ8yNJuhv5kcRAcHrclt49NM,L'Orangerie,"Four Seasons George V, 31 avenue George-V, Paris, 75008, France"
ChIJBz2epQxw5kcR3mq65dpD9OM,L'Os à Moelle,"3 rue Vasco-de-Gama, Paris, 75015, France"
ChIJw8NU1IRv5kcRrPZgVHysYaw,L'Ouzeri,"41 rue du Ruisseau, Paris, 75018, France"
ChIJ1aOFBy5v5kcRyL4MhReJgMQ,L'Écrin,"Hôtel de Crillon, 10 place de la Concorde, Paris, 75008, France"
ChIJgWoRNjRv5kcR2422TYAEnyE,L'Évadé,"23 rue Clauzel, Paris, 75009, France"
ChIJs6l6heZx5kcRjKfIhap2Iro,LAVA,"9 rue de la Montagne-Sainte-Geneviève, Paris, 75005, France"
ChIJk1bIy0Fu5kcR2hnJCvRJpm0,LAZU,"47 rue Marguerite-de-Rochechouart, Paris, 75009, France"
ChIJ6cO_x95x5kcRaUWGHYQ5WoE,La Borie,"9 rue de Pondichéry, Paris, 75015, France"
ChIJ2-nvXTtu5kcRzvMrLHhpJOI,La Bourse et la Vie,"12 rue Vivienne, Paris, 75002, France"
ChIJn3uDk_9v5kcRNGe7-f8GHIE,La Causerie,"31 rue Vital, Paris, 75016, France"
ChIJz2yx5EBu5kcRTqLAalRfNFU,La Condesa,"13 rue Rodier, Paris, 75009, France"
ChIJaWy42CNu5kcRSLqIejQtI7s,La Dame de Pic,"20 rue du Louvre, Paris, 75001, France"
ChIJzxEaCwBt5kcR4wbMpgyplpI,La Datcha,"62 rue Jean-Pierre-Timbaud, Paris, 75011, France"
ChIJXZ9lqzZl5kcRxIInGxIRFaI,La Ferme du Pré,"Route de Suresnes - Bois de Boulogne, Paris, 75016, France"
ChIJBU9a9RVl5kcRauGO7npEArM,La Grande Cascade,"Allée de Longchamp, Bois de Boulogne, Paris, 75016, France"
ChIJf1MZZbRx5kcR4fgfvndDZ7Q,La Grande Ourse,"9 rue Georges-Saché, Paris, 75014, France"
ChIJYUw2C9xx5kcRVM2D_COZB6g,La Méditerranée,"2 place de l'Odéon, Paris, 75006, France"
ChIJ0WI5IyJu5kcRzsRZXnwIp5Y,La Poule au Pot,"9 rue Vauvilliers, Paris, 75001, France"
ChIJ6Vwo1CNu5kcR_jILVmRUmZk,La Régalade Saint-Honoré,"106 rue Saint-Honoré, Paris, 75001, France"
ChIJF81Lvo5v5kcR34BLAZe2U1o,La Scène,"32 avenue Matignon, Paris, 75008, France"
ChIJ9UsVoexv5kcRLc96FFjvii4,La Scène Thélème,"18 rue Troyon, Paris, 75017, France"
ChIJo6s39ilv5kcRSAoDEa9cDbo,La Table Cachée par Michel Roth,"BHV, 55 rue de la Verrerie, Paris, 75004, France"
ChIJS8Gh5a5x5kcRaT1Myj2lgjg,La Table de Colette,"17 rue Laplace, Paris, 75005, France"
ChIJ25_5s6Nx5kcRzm7IV-G-HmI,La Table de Mee,"6 rue des Ciseaux, Paris, 75006, France"
ChIJxbJB2L1v5kcR_UZ0psvxv-U,La Table du Caviste Bio,"55 rue de Prony, Paris, 75017, France"
ChIJwzUxYiJu5kcRL_AV_Y_YiD0,Lai'Tcha,"7 rue du Jour, Paris, 75001, France"
ChIJIUZyA9Rv5kcR3NndJ9U1-X4,Langosteria,"Cheval Blanc Paris, 8 quai du Louvre, Paris, 75001, France"
ChIJbzglYOht5kcR3kcbx_uOXX0,Lao Siam,"49 rue de Belleville, Paris, 75019, France"
ChIJ8xc0xtpv5kcRG2Qj7G2kO88,Lasserre,"17 avenue Franklin-D.-Roosevelt, Paris, 75008, France"
ChIJAbPJYTVu5kcRuFw8L6Iuy6M,Lazare,"Parvis de la gare Saint-Lazare, rue Intérieure, Paris, 75008, France"
ChIJ-wegfsJv5kcRuQokSsZGAuY,Le 39V,"39 avenue George-V, Paris, 75008, France"
ChIJS_3jFvBv5kcRfi9QK6TiLY4,Le 703,"9 rue Fourcroy, Paris, 75017, France"
ChIJCwHgqelt5kcRLOl2lR9_tVE,Le Baratin,"3 rue Jouye-Rouve, Paris, 75020, France"
ChIJVRVD9TJu5kcRQCd0qAUtx-I,Le Baudelaire,"Le Burgundy, 6-8 rue Duphot, Paris, 75001, France"
ChIJNVJhNJRv5kcR6uFVj1qSGSM,Le Bistrot Flaubert,"10 rue Gustave-Flaubert, Paris, 75017, France"
ChIJh_fyR9px5kcR7n63bBInsnI,Le Bon Saint-Pourçain,"10 bis rue Servandoni, Paris, 75006, France"
ChIJiTMMk0Zv5kcRFjhOJbFRgIg,Le Boréal,"39 rue Montcalm, Paris, 75018, France"
ChIJzyaUHORt5kcRS10HROzJGzo,Le Café de l'Usine,"5 passage Piver, Paris, 75011, France"
ChIJe2R96h5w5kcRAHvnKznzO1w,Le CasseNoix,"56 rue de la Fédération, Paris, 75015, France"
ChIJL9eeygty5kcRBJgRHblbXkw,Le Chardenoux,"1 rue Jules-Vallès, Paris, 75011, France"
ChIJIfiOtuNt5kcRuMiQz0CoNA4,Le Chateaubriand,"129 avenue Parmentier, Paris, 75011, France"
ChIJGedv2cFt5kcRiLIcelO4-wk,Le Cheval d'Or,"21 rue de la Villette, Paris, 75019, France"
ChIJGYs9GN9x5kcRsRy5IisFSKE,Le Christine,"1 rue Christine, Paris, 75006, France"
ChIJqTQzIehv5kcRaF3hD1SzX5A,Le Cinq,"Four Seasons Hotel George V, 31 avenue George-V, Paris, 75008, France"
ChIJH5K8McVv5kcRHrJn-zUA3KQ,Le Clarence,"31 avenue Franklin-D.-Roosevelt, Paris, 75008, France"
ChIJe1X3kQlv5kcR_TZlCBakvMo,Le Comptoir Boutary,"32 rue Catherine-de-la-Rochefoucauld, Paris, 75009, France"
ChIJlz74sd5x5kcRJKnMHqMw2x8,Le Comptoir du Relais,"5 carrefour de l'Odéon, Paris, 75006, France"
ChIJi994frZx5kcRKNYXb8J4sEg,Le Cornichon,"34 rue Gassendi, Paris, 75014, France"
ChIJKS_InAVy5kcRDBXHxcmlhD0,Le Cotte Rôti,"1 rue de Cotte, Paris, 75012, France"
ChIJK55Wcwxv5kcRHxdi9irvjpo,Le Coucou,"14 rue Bochart-de-Saron, Paris, 75009, France"
ChIJHzVB-kxu5kcRdOIsAxTlxms,Le Cyrano,"3 rue Biot, Paris, 75017, France"
ChIJqXbHfMhx5kcRT_MHosKnfWw,Le Duc,"243 boulevard Raspail, Paris, 75014, France"
ChIJh7RqoiVv5kcR5w3Op2E4r2k,Le Faham,"108 rue Cardinet, Paris, 75017, France"
ChIJm4eKnydw5kcRFAIQkhhg1Lg,Le Florimond,"19 avenue de La Motte-Picquet, Paris, 75007, France"
ChIJA1PHDM9v5kcRsdD0Snjw06k,Le Gabriel - La Réserve Paris,"La Réserve Paris, 42 avenue Gabriel, Paris, 75008, France"
ChIJSxRDi9xv5kcRWwnNcVvAJ1Y,Le Gentil,"26 rue Surcouf, Paris, 75007, France"
ChIJD3IF1elv5kcRXNjbG86rzcE,Le George,"Four Seasons George V, 31 avenue George-V, Paris, 75008, France"
ChIJyzvdFuZt5kcRO_Gb84ElkbI,Le Grand Bain,"14 rue Dénoyez, Paris, 75020, France"
ChIJb5_kRsxv5kcR5jP_LwSlGAQ,Le Grand Restaurant - Jean-François Piège,"7 rue d'Aguesseau, Paris, 75008, France"
ChIJl_7p8uFv5kcRj5ZGEf31ILM,Le Jules Verne,"Tour Eiffel - 6 avenue Gustave-Eiffel, Paris, 75007, France"
ChIJzfIaxFlu5kcRvu1q5E3sCjs,Le Maquis,"53 rue des Cloÿs, Paris, 75018, France"
ChIJj_jhijJv5kcR9gcsvsbORKQ,Le Matré,"42 rue Véron, Paris, 75018, France"
ChIJvbCbVRpu5kcRfMWl3JeGW4s,Le Mazenay,"46 rue de Montmorency, Paris, 75003, France"
ChIJ4denjMVv5kcRAosGrioNpw0,Le Mermoz,"16 rue Jean-Mermoz, Paris, 75008, France"
ChIJNQoJuUZu5kcRFmtyuQGSgi8,Le Pantruche,"3 rue Victor-Massé, Paris, 75009, France"
ChIJmc1-M0xv5kcRc7IR1byBo7U,Le Pergolèse,"40 rue Pergolèse, Paris, 75116, France"
ChIJy8pWXDNv5kcRViSg9bjW_z0,Le Petit Lucas,"9 place de la Madeleine, Paris, 75008, France"
ChIJXZ9lqzZl5kcRxIInGxIRFaI,Le Pré Catelan,"Route de Suresnes - bois de Boulogne, Paris, 75016, France"
ChIJ9WamFgNy5kcRwcqROwLtknU,Le Quincy,"28 avenue Ledru-Rollin, Paris, 75012, France"
ChIJcW0S0Dpw5kcRdQcfJivIDDw,Le Radis Beurre,"51 boulevard Garibaldi, Paris, 75015, France"
ChIJ7zXfwNxv5kcRvphDk3_ut40,Le Relais Plaza,"25 avenue Montaigne, Paris, 75008, France"
ChIJa7dJCT9u5kcRMPIdhg35beE,Le Richer,"2 rue Richer, Paris, 75009, France"
ChIJe6_hufxx5kcRLJ9Ej7s19UM,Le Sergent Recruteur,"41 rue Saint-Louis-en-l'Île, Paris, 75004, France"
ChIJDxNp1_Bt5kcRfBQ1nlGxQoQ,Le Servan,"32 rue Saint-Maur, Paris, 75011, France"
ChIJNY-N1JJx5kcRvRShTebY8ow,Le Sirocco,"8 bis rue des Gobelins, Paris, 75013, France"
ChIJp_LMzsFv5kcRahcM9RvYYV4,Le Taillevent,"15 rue Lamennais, Paris, 75008, France"
ChIJW3bGDABv5kcRKZ-wUqwNkX0,Le Tire-Bouchon Rodier,"47 rue Rodier, Paris, 75009, France"
ChIJxYJUC2lv5kcRlhdpWba_aGU,Le Tout-Paris,"Cheval Blanc Paris, 8 quai du Louvre, Paris, 75001, France"
ChIJRV4qmfxt5kcR8htPBNXSGKE,Le Villaret,"13 rue Ternaux, Paris, 75011, France"
ChIJ3Z17mN9v5kcR6cy6VWhMWl8,Le Violon d'Ingres,"135 rue Saint-Dominique, Paris, 75007, France"
ChIJO_mYQsBv5kcRlypSHnx3ctY,Les 110 de Taillevent,"195 rue du Faubourg-Saint-Honoré, Paris, 75008, France"
ChIJJ3EsctRx5kcR23c6Gmx5QYE,Les Botanistes,"11 bis rue Chomel, Paris, 75007, France"
ChIJx4MygUhu5kcRMypVhd_iT8E,Les Canailles Pigalle,"25 rue La Bruyère, Paris, 75009, France"
ChIJQwxyZGdx5kcRJr2XY21QIy4,Les Délices d'Aphrodite,"4 rue de Candolle, Paris, 75005, France"
ChIJ32nhLwRu5kcR6FEtBPVddL4,Les Enfants Rouges,"9 rue de Beauce, Paris, 75003, France"
ChIJyUMltOBv5kcRA7jwd8jibAw,Les Ombres,"27 quai Jacques-Chirac, Paris, 75007, France"
ChIJQ8pJ8F9v5kcRyvHV5QVQ6eQ,Les Parisiens,"1 rue du Pré-aux-Clercs, Paris, 75007, France"
ChIJ65kTdVNx5kcRb34kg2awxac,Les Petits Parisiens,"49 avenue Jean-Moulin, Paris, 75014, France"
ChIJ1bKGkQ5u5kcRguOo3ddfbEE,Les Résistants,"16 rue du Château-d'Eau, Paris, 75010, France"
ChIJoxyiWA9v5kcR_5AN7QxPzkA,Les Résistants - La Table,"7 rue de la Fidélité, Paris, 75010, France"
ChIJjYzV7O5v5kcRY8f-v4wQu5Y,LiLi,"19 avenue Kléber, Paris, 75116, France"
ChIJR_eEDABt5kcRRXQdrbSdxus,Lissit,"48 rue de la Folie-Méricourt, Paris, 75011, France"
ChIJuQ3fvTxu5kcR6h8OofAEJYA,Liza,"14 rue de la Banque, Paris, 75002, France"
ChIJG621dN1v5kcRLhhNlAu7Ep0,Louis,"23 rue de la Victoire, Paris, 75009, France"
ChIJ_QwlZC9u5kcRM4LKKEFIOTE,Loulou,"107 rue Rivoli, Paris, 75001, France"
ChIJrf6XLDNu5kcRgypP8GERVqw,Lucas Carton,"9 place de la Madeleine, Paris, 75008, France"
ChIJZR5X0h1v5kcRKHX-v-Duw_Y,L’Oyat,"11 rue Notre-Dame-de-Nazareth, Paris, 75003, France"
ChIJFcnDoZNv5kcRWrrtZpwiK4w,Madame FAN,"18 rue Bayen, Paris, 75017, France"
ChIJjx3AVi1v5kcRegkMkjuBFa8,Magma,"9 rue Jean-Pierre-Timbaud, Paris, 75011, France"
ChIJ5U4GPz9v5kcRStPGOYpHOGs,Magnolia,"5 rue Henry-Monnier, Paris, 75009, France"
ChIJwc06-rBt5kcRWNPRltJQcd0,Maison,"3 rue Saint-Hubert, Paris, 75011, France"
ChIJ92L0r85v5kcRtPvRGwU5pPU,Maison Brut,"18 rue d'Abbeville, Paris, 75009, France"
ChIJRVLtzt5x5kcRr41EDZ8g96A,Maison Cluny,"3 rue de Cluny, Paris, 75005, France"
ChIJh9BitPxv5kcRJWNBL8T-JGk,Maison Dubois,"2 rue de Vienne, Paris, 75008, France"
ChIJNVJhNJRv5kcRPUWaSPU5KZg,Maison Rostang,"20 rue Rennequin, Paris, 75017, France"
ChIJM4_nbTpv5kcRFJubN2v3Cpw,Mallory Gabsi,"28 rue des Acacias, Paris, 75017, France"
ChIJhZWV_7Rv5kcRxjdDwBCZ4Z8,Mandoobar,"7 rue d'Édimbourg, Paris, 75008, France"
ChIJhVJG8_dv5kcRsd6zSQn8xro,Marie Akaneya,"12 rue Godot-de-Mauroy, Paris, 75009, France"
ChIJ_UUAHL965kcROj45XLlJcRo,Marius,"82 boulevard Murat, Paris, 75016, France"
ChIJqXlcDd1v5kcRzOp2UKIkads,Marius et Janette,"4 avenue George-V, Paris, 75008, France"
ChIJ81phINFx5kcRW5UjTPo8aGc,Marsan par Hélène Darroze,"4 rue d'Assas, Paris, 75006, France"
ChIJQSSMGnRx5kcRbs3Jd6p9uSk,Marso & Co,"16 rue Vulpian, Paris, 75013, France"
ChIJLceVAbRv5kcRs2VY6jRA8w4,Matka,"78 rue Quincampoix, Paris, 75003, France"
ChIJBUtKLOxx5kcRddHIo2VDCew,Mavrommatis,"42 rue Daubenton, Paris, 75005, France"
ChIJFUqB_sFt5kcRWPU8lkviUVw,Mensae,"23 rue Melingue, Paris, 75019, France"
ChIJ7Ylc4Vhv5kcRZAgTOtQB0_Q,Mieux,"21 rue Saint-Lazare, Paris, 75009, France"
ChIJD00qfklx5kcRjT5AYTaiy_Q,Milagro,"85 avenue Bosquet, Paris, 75007, France"
ChIJvZaucYJv5kcRgnV-InpMUZM,Minore,"4 avenue Trudaine, Paris, 75009, France"
ChIJ86t7GABv5kcRxUxx09z5Kws,Mojju,"4 rue de l'Exposition, Paris, 75007, France"
ChIJ0Zhpclxu5kcRydh-T4CObxk,Mokko,"3 rue Francœur, Paris, 75018, France"
ChIJNWYQDudv5kcRj-kwX_6y0Sc,Monsieur Bleu,"20 avenue de New-York, Paris, 75016, France"
ChIJ__8ruMhx5kcRYaR8gJpeAvo,Montée,"9 rue Léopold-Robert, Paris, 75014, France"
ChIJKcoagTtu5kcR7w9__RYkVlM,Mori Venice Bar,"27 rue Vivienne, Paris, 75002, France"
ChIJ-5A0x9Vv5kcRkHkE8Du_hw4,Mova,"39 rue des Dames, Paris, 75017, France"
ChIJJa2zzUFv5kcRb84DZAWvWX0,Mâche,"61 rue de Chabrol, Paris, 75010, France"
ChIJfecnzi9v5kcRGrNiqAWlNNQ,Mắm From Hanoï,"39 rue de Cléry, Paris, 75002, France"
ChIJha4y7zFv5kcRQ2uALYab4lo,NESO,"3 rue Papillon, Paris, 75009, France"
ChIJu5YsFy1w5kcRXZLyDsRiskI,Nakatani,"27 rue Pierre-Leroux, Paris, 75007, France"
ChIJj5cSZD1w5kcRxG5lX68BY50,Neige d'Été,"12 rue de l'Amiral-Roussin, Paris, 75015, France"
ChIJFwoVM0tu5kcR9SoGUDAh3Jg,Neva Cuisine,"2 rue de Berne, Paris, 75008, France"
ChIJxcBu_PVv5kcRHZkD-hm_UEE,Nhome,"41 rue de Montpensier, Paris, 75001, France"
ChIJy3iVhC9u5kcR1cCYgwGPi3A,Nodaïwa,"272 rue Saint-Honoré, Paris, 75001, France"
ChIJba0ODQBv5kcRjn9S8UfE4_g,Nolinski Le Restaurant,"16 avenue de l'Opéra, Paris, 75001, France"
ChIJxZgG1_Zv5kcR07nvyjrPAS4,Nomicos,"16 avenue Hubert-Germain, Paris, 75116, France"
ChIJPRuPSb9v5kcRCLft1e95YEA,Nonos par Paul Pairet,"Le Crillon, 10 place de la Concorde, Paris, 75008, France"
ChIJOXlENjhz5kcRHYsDcJiD9Gc,Nosso,"22 promenade Claude-Lévi-Strauss, Paris, 75013, France"
ChIJVxpO4yFu5kcRVKbB2xMvLMY,Odette,"25 rue du Pont-Neuf, Paris, 75001, France"
ChIJexUJUzFv5kcRcynXsmuxF5o,Ogata,"16 rue Debelleyme, Paris, 75003, France"
ChIJR7fpoO5v5kcRlFje00R0PpI,Omar Dhiab,"23 rue Hérold, Paris, 75001, France"
ChIJswl0oJdv5kcR5M9tkvzjpnM,Onor,"258 rue du Faubourg-Saint-Honoré, Paris, 75008, France"
ChIJ9fe5qYZv5kcRmU6zbLZxuEM,Origines Restaurant,"6 rue de Ponthieu, Paris, 75008, France"
ChIJibKza_lv5kcRGa8qOU_YOGI,Osmossi - Maison Mavrommatis,"70 avenue Paul-Doumer, Paris, 75016, France"
ChIJP4_7zAhy5kcRbb5uWi2ie1M,Osteria Ferrara,"7 rue du Dahomey, Paris, 75011, France"
ChIJx6VuJ2dx5kcRpX-dsyUlkL0,Otto,"5 rue Mouffetard, Paris, 75005, France"
ChIJCU_1nuxv5kcRmfS3m_h6mCg,Oxte,"5 rue Troyon, Paris, 75017, France"
ChIJQ6gX3jFv5kcRoGqtiEhHaWE,Pages,"4 rue Auguste-Vacquerie, Paris, 75016, France"
ChIJdwLJVERv5kcRzAkzVCFMhBc,Pantagruel,"10 rue de Richelieu, Paris, 75001, France"
ChIJ03vIR11v5kcRk5QReT9ivac,Parcelles,"13 rue Chapon, Paris, 75003, France"
ChIJG_fMygVy5kcRCLfpTD8eflk,Passerini,"65 rue Traversière, Paris, 75012, France"
ChIJ9fq2je1v5kcRZY-ReLUsuB8,Passionné,"17 rue Bergère, Paris, 75009, France"
ChIJM8iUPY5z5kcR2eZYsD3CKtU,Paulownia,"15 rue des Vignoles, Paris, 75020, France"
ChIJNb0Vrftv5kcRMegtKrTeefg,Pavyllon Paris,"8 avenue Dutuit, Paris, 75008, France"
ChIJDXgecepv5kcRDxSL1JAXsj0,Penati al Baretto,"94 boulevard de la Tour-Maubourg, Paris, 75007, France"
ChIJh0LgEaNv5kcRSr67VO7n0Vc,Perception,"53 rue Blanche, Paris, 75009, France"
ChIJCUflYd9v5kcRdXFSXN7bOz0,Pertinence,"29 rue de l'Exposition, Paris, 75007, France"
ChIJkXzvDPxv5kcR8dqA4rBhNmw,Petit Boutary,"16 rue Jacquemont, Paris, 75017, France"
ChIJualF1tBv5kcRTV1dJN2gvek,Petit Gris,"67 rue Rennequin, Paris, 75017, France"
ChIJzc8B79lv5kcRQkV9ksD5Z3o,Petrossian,"13 boulevard de la Tour-Maubourg, Paris, 75007, France"
ChIJdbADLJdv5kcRX7wLdYoI9LI,Petrus,"12 place du Maréchal-Juin, Paris, 75017, France"
ChIJLwdFHodx5kcR-kRjRYqYWLQ,Pho Tai,"13 rue Philibert-Lucot, Paris, 75013, France"
ChIJ45alMZdv5kcRQTV2IIU72JA,Phébé,"190 rue de Courcelles, Paris, 75017, France"
ChIJp8ypkghy5kcRB-RvBC7_Lp8,Pianovins,"46 rue Trousseau, Paris, 75011, France"
ChIJY1fdy0Fv5kcRXLhdgkfOfD0,Piero TT,"44 rue du Bac, Paris, 75007, France"
ChIJn82-Depv5kcRbitLK3lP0Bg,Pierre Gagnaire,"6 rue Balzac, Paris, 75008, France"
ChIJZfH9wfxt5kcRBbfvIAQsmyU,Pierre Sang in Oberkampf,"55 rue Oberkampf, Paris, 75011, France"
ChIJJdqGt_xt5kcRwt-MJujFxjE,Pierre Sang on Gambey,"6 rue Gambey, Paris, 75011, France"
ChIJq6pmRzFw5kcRNS0HHWYKbQ4,Pilgrim,"8 rue Nicolas-Charlet, Paris, 75015, France"
ChIJc-5wpqFv5kcRG-yRtd-JxCg,Pleine Terre,"15 rue de Bassano, Paris, 75116, France"
ChIJWzehlJdt5kcRiOrg9TDk9o4,Ploc,"15 rue Saint-Blaise, Paris, 75020, France"
ChIJn7oZtDxv5kcR9efLDbsQz88,Pouliche,"11 rue d'Enghien, Paris, 75010, France"
ChIJlaMk2O1v5kcRGqr6RnkJCdc,Prunier,"16 avenue Victor-Hugo, Paris, 75116, France"
ChIJQXGR4M1v5kcRPzerL5FBK_U,Prévelle,"34 rue Saint-Dominique, Paris, 75007, France"
ChIJlVvipTFu5kcR6VwB1PiwKv8,Pur' - Jean-François Rouquette,"Park Hyatt Paris-Vendôme, 5 rue de la Paix, Paris, 75002, France"
ChIJRWGMl-5v5kcRknpRdwtBoXo,Qasti Green,"41 rue des Jeûneurs, Paris, 75002, France"
ChIJ1d_XysNt5kcRc20ajeL9fYQ,Quedubon,"22 rue du Plateau, Paris, 75019, France"
ChIJpdqgn8lv5kcRmypX7y2Jgvk,Quelque part... Les Abysses,"1 rue Ambroise-Thomas, Paris, 75009, France"
ChIJp4qdOP5t5kcRBK5zybICJt8,Qui Plume la Lune,"50 rue Amelot, Paris, 75011, France"
ChIJh1sXFdJx5kcRPk-FmWcYRfU,Quinsou,"33 rue de l'Abbé-Grégoire, Paris, 75006, France"
ChIJdxltnj5u5kcR8TXA9auIRmg,Racines,"8 passage des Panoramas, Paris, 75002, France"
ChIJiy-Q-9Vx5kcRfio3tiPsmak,Racines des Prés,"1 rue de Gribeauval, Paris, 75007, France"
ChIJqbFrDt9x5kcRGKvCYWvzK28,Relais Louis XIII,"8 rue des Grands-Augustins, Paris, 75006, France"
ChIJCWAMPLRv5kcRMKka8xyKr0Y,Restaurant F,"10 rue Saint-Didier, Paris, 75116, France"
ChIJQ-V5FQBy5kcRRd_d6D3GQGg,Restaurant H,"13 rue Jean-Beausire, Paris, 75004, France"
ChIJQdFbHk9v5kcRBtFW38NDhbc,Restaurant Le Meurice Alain Ducasse,"Le Meurice, 228 rue de Rivoli, Paris, 75001, France"
ChIJiQ8n4PNv5kcRACVNMP0V6Fk,Restaurant des Grands Boulevards,"17 boulevard Poissonnière, Paris, 75002, France"
ChIJsz8Sqrpv5kcRm1B61Dpq_t8,Rooster,"137 rue Cardinet, Paris, 75017, France"
ChIJ5WfhF3lv5kcRG8Myeur2YHw,Rosemarie,"149 rue de l'Université, Paris, 75007, France"
ChIJz6_kpS5t5kcRNFr8uIUUcdo,Sadarnac,"17 rue Saint-Blaise, Paris, 75020, France"
ChIJV9CTEdxx5kcRigyvEfW6ZHs,Sagan,"8 rue Casimir-Delavigne, Paris, 75006, France"
ChIJFbIY0N9v5kcR-iryaVlj14w,Sancerre Rive Gauche,"22 avenue Rapp, Paris, 75007, France"
ChIJS3pghvNx5kcR_IrxmcDc0lA,Sellae,"18 rue des Wallons, Paris, 75013, France"
ChIJYVDa49hx5kcRBx5g-iYEivg,Semilla,"54 rue de Seine, Paris, 75006, France"
ChIJE6kCUghy5kcRmWSg3RUHIwM,Septime,"80 rue de Charonne, Paris, 75011, France"
ChIJzean6Hlv5kcR9jkXW9USvyg,Shabour,"19 rue Saint-Sauveur, Paris, 75002, France"
ChIJC3Q8OeRv5kcRizBUU2o1qCA,Shang Palace,"Shangri-La, 10 avenue d'Iéna, Paris, 75116, France"
ChIJ9eWtfUNu5kcRy9RxnfNfLPo,Signature Montmartre,"12 rue des Trois-Frères, Paris, 75018, France"
ChIJaRiXpZRx5kcRhsLXbprNSxI,"Simone, Le Resto...","33 boulevard Arago, Paris, 75013, France"
ChIJHc0YiXdt5kcRqxr5cSr6m4o,Soces,"32 rue de la Villette, Paris, 75019, France"
ChIJZ3ZKSOFx5kcRJa7xR8aZU_g,Sola,"12 rue de l'Hôtel-Colbert, Paris, 75005, France"
ChIJ_WtRdqJx5kcRejxK758qNRs,Solstice,"45 rue Claude-Bernard, Paris, 75005, France"
ChIJb5-96-xv5kcRAFSoQZTfCc0,Sormani,"4 rue du Général-Lanrezac, Paris, 75017, France"
ChIJM2QbF8Bx5kcRu1e_SjvcSvg,Sourire Le Restaurant,"15 rue de la Santé, Paris, 75013, France"
ChIJJcOo01Fx5kcRa1CjmZipX6E,Soé,"18 rue Beautreillis, Paris, 75004, France"
ChIJ1-NReNxv5kcR3yM08L3wXCA,Substance,"18 rue de Chaillot, Paris, 75016, France"
ChIJRVtFvX1v5kcRu-mSmgbuAlg,Super Huit,"95 rue de Miromesnil, Paris, 75008, France"
ChIJOZNwHS1v5kcRnO0W988mtRo,Sushi Shunei,"3 rue Audran, Paris, 75018, France"
ChIJIeDnbvVv5kcRCkaxpqe56vk,Sushi Yoshinaga,"27 rue du 4-Septembre, Paris, 75002, France"
ChIJl8BALABx5kcRcqB9X8pffNA,Sétopa,"6 rue Dupuytren, Paris, 75006, France"
ChIJoSONvAVy5kcRiFFvBHOUYv8,Table - Bruno Verjus,"3 rue de Prague, Paris, 75012, France"
ChIJDbpyKwBv5kcRzD2AWcV37xQ,Table Penja,"2 rue Sédillot, Paris, 75007, France"
ChIJT3dmQNdx5kcROH3SNWmKGhY,Taokan,"8 rue du Sabot, Paris, 75006, France"
ChIJAdcymgJu5kcR2toRbM80idw,Tavline,"25 rue du Roi-de-Sicile, Paris, 75004, France"
ChIJP0h7fOFv5kcRnVPMvx7dfq4,Tekés,"4 bis rue Saint-Sauveur, Paris, 75002, France"
ChIJAQAQKQVu5kcRkfK67eag_Ls,Terra,"21 rue des Gravilliers, Paris, 75003, France"
ChIJ1TFcJfxx5kcRIrCQxtOGTbk,Thaï Spices,"5-7 rue de l'Ave-Maria, Paris, 75004, France"
ChIJ1S254QJv5kcRjwVbhv8D7bM,Thiou,"Hôtel Norman, 9 rue Balzac, Paris, 75008, France"
ChIJc-FTvNlv5kcRhrLo0P6xZIg,Tomy & Co,"22 rue Surcouf, Paris, 75007, France"
ChIJj_BTxM5v5kcRa3eWCZ2aRvA,Tosca,"18 rue du Cirque, Paris, 75008, France"
ChIJ5eQBbSBx5kcRvEQZIALlPF4,Tour d'Argent,"15 quai de la Tournelle, Paris, 75005, France"
ChIJfe0cOQ9y5kcRa69y4RFpF_s,Towa,"75 rue Crozatier, Paris, 75012, France"
ChIJjSV9Pc9x5kcRdvc0tnet8gU,Toyo,"17 rue Jules-Chaplain, Paris, 75006, France"
ChIJAcfncI5v5kcR1JqbYutYwrU,Trente-Trois,"Maison Villeroy, 33 rue Jean-Goujon, Paris, 75008, France"
ChIJDbwZruFv5kcRUBy88uPDVzU,"VIVE, Maison Mer","62 avenue des Ternes, Paris, 75017, France"
ChIJA73L0W9z5kcRqULmP_W05uw,Vaisseau,"35 rue Faidherbe, Paris, 75011, France"
ChIJ34SrV-Jt5kcR9ZAebuU_c5Q,Vantre,"19 rue de la Fontaine-au-Roi, Paris, 75011, France"
ChIJZXCI_VFv5kcRi3Ry_nlMwx8,Vendémiaire,"54 boulevard de la Tour-Maubourg, Paris, 75007, France"
ChIJVVWlvCBw5kcRDxm5UwdWWPE,Via del Campo,"22 rue du Champ-de-Mars, Paris, 75007, France"
ChIJ__-zAA5y5kcRqLoe0pGwlcw,Virtus,"29 rue de Cotte, Paris, 75012, France"
ChIJRzkMLCJu5kcR11DVVaohb8o,Yam'Tcha,"121 rue Saint-Honoré, Paris, 75001, France"
ChIJDaBthtdx5kcR9uLGSbVrKlw,Yen,"22 rue Saint-Benoît, Paris, 75006, France"
ChIJtUlMOtlx5kcRJS7U0OQIPYc,Yoshinori,"18 rue Grégoire-de-Tours, Paris, 75006, France"
ChIJGxxYC99x5kcRpd3qg8kfdgA,Ze Kitchen Galerie,"4 rue des Grands-Augustins, Paris, 75006, France"
ChIJHQlSelFv5kcRvNdocCDdQFI,Zeffirino,"9 rue Marbeuf, Paris, 75008, France"
ChIJKzegdyVu5kcRmu5GJO1fAiY,Zen,"8 rue de l'Échelle, Paris, 75001, France"
ChIJkT3sLqhv5kcRPfbrX2E5u18,a.lea,"39 rue Lamarck, Paris, 75018, France"
ChIJhaa5yeFv5kcR1CwvYTJdU5E,jjii,"92 rue du Faubourg-Poissonnière, Paris, 75010, France"
ChIJiavpeQNy5kcRIbgG21aCYCc,À La Biche au Bois,"45 avenue Ledru-Rollin, Paris, 75012, France"
ChIJfc2eoT1x5kcRAU_o-0uqeHk,À Table,"28 rue du Général-Bertrand, Paris, 75007, France"
ChIJkcKzviNu5kcRAD_uiFEnr-8,À l’Épi d’Or,"25 rue Jean-Jacques-Rousseau, Paris, 75001, France"
ChIJVeUHqupv5kcRDHPinmB3LtU,Épicure,"Le Bristol, 112 rue du Faubourg-Saint-Honoré, Paris, 75008, France"
ChIJLdpVyutx5kcRrXbY4fHD4Cs,Épisodes,"8 rue Meissonier, Paris, 75017, France"
ChIJl4_3E-Vv5kcRqVcPabzg8HY,Étude,"14 rue du Bouquet-de-Longchamp, Paris, 75016, France"
ChIJUYo80Kxv5kcRsqQsipykxFM,Ōrtensia,"4 rue Beethoven, Paris, 75016, France"